pursuer,evader,separation_m,horizon_s,pursuer_cap_mps,evader_cap_mps,pursuer_budget_mps,evader_budget_mps,dt_s,capture_m,substeps,lookahead_s,sensor,sensed,sensor_range_m,cone_half_angle_deg,noise_fraction,prior_sigma_m,prior_sigma_mps,planner_samples,planner_segments,planner_repeat,planner_noise,planner_temperature,planner_discount,planner_capture_bonus,planner_evader_samples,planner_evader_segments,planner_rollout_substeps,episodes,wins,pursuer_dv,evader_dv,closest_m,final_range_m,pursuer_detection_fraction,pursuer_mean_error_m,outcome,median_capture_time_s
mppi_flee,flee,300.0,1800.0,0.1,0.1,5.0,3.75,10.0,10.0,10,100.0,full,both,inf,180.0,0.01,0.0,0.0,256,3,3,0.5,0.1,0.99,10.0,256,20,0,128,12,5.0,3.75,51.534475530790886,1170.5426531521407,0.0,0.0,0.09375,660.0
mppi_flee,flee,300.0,1800.0,0.1,0.1,5.0,3.75,10.0,10.0,10,100.0,full,both,inf,180.0,0.01,0.0,0.0,256,7,3,0.5,0.1,0.99,10.0,256,20,0,128,51,5.0,3.75,29.773258599374103,573.1445537769252,0.0,0.0,0.3984375,700.0
mppi_flee,flee,300.0,1800.0,0.1,0.1,5.0,3.75,10.0,10.0,10,100.0,full,both,inf,180.0,0.01,0.0,0.0,256,12,3,0.5,0.1,0.99,10.0,256,20,0,128,90,5.0,3.75,22.45892910231148,164.4529203075667,0.0,0.0,0.703125,750.0
mppi_flee,flee,300.0,1800.0,0.1,0.1,5.0,3.75,10.0,10.0,10,100.0,full,both,inf,180.0,0.01,0.0,0.0,256,20,3,0.5,0.1,0.99,10.0,256,20,0,128,108,5.0,3.75,24.25087169258224,60.601147647483,0.0,0.0,0.84375,860.0
mppi_flee,flee,300.0,1800.0,0.1,0.1,5.0,3.75,10.0,10.0,10,100.0,full,both,inf,180.0,0.01,0.0,0.0,256,30,3,0.5,0.1,0.99,10.0,256,20,0,128,114,5.0,3.75,16.521713951650202,24.94320216118092,0.0,0.0,0.890625,965.0
mppi_flee,flee,300.0,1800.0,0.1,0.1,5.0,3.75,10.0,10.0,10,100.0,radial,pursuer,5000.0,180.0,0.001,30.0,0.01,256,3,3,0.5,0.1,0.99,10.0,256,20,0,128,13,5.0,3.75,51.591460640831855,1155.116944268718,1.0,0.6341652971177424,0.1015625,660.0
mppi_flee,flee,300.0,1800.0,0.1,0.1,5.0,3.75,10.0,10.0,10,100.0,radial,pursuer,5000.0,180.0,0.001,30.0,0.01,256,7,3,0.5,0.1,0.99,10.0,256,20,0,128,49,5.0,3.75,30.449811472319084,595.7185846826059,1.0,0.4991065699443299,0.3828125,700.0
mppi_flee,flee,300.0,1800.0,0.1,0.1,5.0,3.75,10.0,10.0,10,100.0,radial,pursuer,5000.0,180.0,0.001,30.0,0.01,256,12,3,0.5,0.1,0.99,10.0,256,20,0,128,84,5.0,3.75,24.557457668008343,211.85348138223583,1.0,0.4274210023807449,0.65625,765.0
mppi_flee,flee,300.0,1800.0,0.1,0.1,5.0,3.75,10.0,10.0,10,100.0,radial,pursuer,5000.0,180.0,0.001,30.0,0.01,256,20,3,0.5,0.1,0.99,10.0,256,20,0,128,60,5.0,3.75,28.297144643226844,371.57800874377455,1.0,0.4573669751583309,0.46875,880.0
mppi_flee,flee,300.0,1800.0,0.1,0.1,5.0,3.75,10.0,10.0,10,100.0,radial,pursuer,5000.0,180.0,0.001,30.0,0.01,256,30,3,0.5,0.1,0.99,10.0,256,20,0,128,45,5.0,3.75,28.64517620168681,351.48943078660574,1.0,0.4497078128980301,0.3515625,960.0
mppi_flee,flee,300.0,1800.0,0.1,0.1,5.0,3.75,10.0,10.0,10,100.0,radial,pursuer,5000.0,180.0,0.01,30.0,0.01,256,3,3,0.5,0.1,0.99,10.0,256,20,0,128,13,5.0,3.75,51.07582293790603,1159.6342602090954,1.0,4.435229521882622,0.1015625,660.0
mppi_flee,flee,300.0,1800.0,0.1,0.1,5.0,3.75,10.0,10.0,10,100.0,radial,pursuer,5000.0,180.0,0.01,30.0,0.01,256,7,3,0.5,0.1,0.99,10.0,256,20,0,128,30,5.0,3.75,32.31058672332878,829.8915056194942,1.0,3.941359988438262,0.234375,700.0
mppi_flee,flee,300.0,1800.0,0.1,0.1,5.0,3.75,10.0,10.0,10,100.0,radial,pursuer,5000.0,180.0,0.01,30.0,0.01,256,12,3,0.5,0.1,0.99,10.0,256,20,0,128,20,5.0,3.75,33.091798259819306,782.5670555366636,1.0,3.771571471364339,0.15625,790.0
mppi_flee,flee,300.0,1800.0,0.1,0.1,5.0,3.75,10.0,10.0,10,100.0,radial,pursuer,5000.0,180.0,0.01,30.0,0.01,256,20,3,0.5,0.1,0.99,10.0,256,20,0,128,9,5.0,3.75,47.75634751434937,646.610100874187,1.0,3.476025459176743,0.0703125,900.0
mppi_flee,flee,300.0,1800.0,0.1,0.1,5.0,3.75,10.0,10.0,10,100.0,radial,pursuer,5000.0,180.0,0.01,30.0,0.01,256,30,3,0.5,0.1,0.99,10.0,256,20,0,128,7,5.0,3.75,53.54075837739192,497.9081513210596,1.0,3.3171328977013284,0.0546875,1000.0
mppi_flee,mppi_lqr,300.0,1800.0,0.1,0.1,5.0,3.75,10.0,10.0,10,100.0,full,both,inf,180.0,0.01,0.0,0.0,256,3,3,0.5,0.1,0.99,10.0,256,20,0,128,0,5.0,3.75,256.1723163337345,2477.2289844249726,0.0,0.0,0.0,
mppi_flee,mppi_lqr,300.0,1800.0,0.1,0.1,5.0,3.75,10.0,10.0,10,100.0,full,both,inf,180.0,0.01,0.0,0.0,256,7,3,0.5,0.1,0.99,10.0,256,20,0,128,1,5.0,3.75,240.6331665365937,1623.8286627184189,0.0,0.0,0.0078125,670.0
mppi_flee,mppi_lqr,300.0,1800.0,0.1,0.1,5.0,3.75,10.0,10.0,10,100.0,full,both,inf,180.0,0.01,0.0,0.0,256,12,3,0.5,0.1,0.99,10.0,256,20,0,128,6,5.0,3.75,211.57536887269623,1139.5841120541957,0.0,0.0,0.046875,730.0
mppi_flee,mppi_lqr,300.0,1800.0,0.1,0.1,5.0,3.75,10.0,10.0,10,100.0,full,both,inf,180.0,0.01,0.0,0.0,256,20,3,0.5,0.1,0.99,10.0,256,20,0,128,23,5.0,3.75,164.13976050539085,672.2825566076579,0.0,0.0,0.1796875,920.0
mppi_flee,mppi_lqr,300.0,1800.0,0.1,0.1,5.0,3.75,10.0,10.0,10,100.0,full,both,inf,180.0,0.01,0.0,0.0,256,30,3,0.5,0.1,0.99,10.0,256,20,0,128,56,5.0,3.75,114.84313464547584,329.6024071395088,0.0,0.0,0.4375,1045.0
mppi_flee,mppi_lqr,300.0,1800.0,0.1,0.1,5.0,3.75,10.0,10.0,10,100.0,radial,pursuer,5000.0,180.0,0.001,30.0,0.01,256,3,3,0.5,0.1,0.99,10.0,256,20,0,128,0,5.0,3.75,255.84545689444184,2481.0780289090058,1.0,1.1882958646409014,0.0,
mppi_flee,mppi_lqr,300.0,1800.0,0.1,0.1,5.0,3.75,10.0,10.0,10,100.0,radial,pursuer,5000.0,180.0,0.001,30.0,0.01,256,7,3,0.5,0.1,0.99,10.0,256,20,0,128,1,5.0,3.75,240.3842525017666,1628.4543137478652,1.0,0.8557793225230748,0.0078125,670.0
mppi_flee,mppi_lqr,300.0,1800.0,0.1,0.1,5.0,3.75,10.0,10.0,10,100.0,radial,pursuer,5000.0,180.0,0.001,30.0,0.01,256,12,3,0.5,0.1,0.99,10.0,256,20,0,128,8,5.0,3.75,212.0104684619893,1130.99529612336,1.0,0.6690606010769427,0.0625,715.0
mppi_flee,mppi_lqr,300.0,1800.0,0.1,0.1,5.0,3.75,10.0,10.0,10,100.0,radial,pursuer,5000.0,180.0,0.001,30.0,0.01,256,20,3,0.5,0.1,0.99,10.0,256,20,0,128,16,5.0,3.75,160.8498684272257,704.9545875960222,1.0,0.5210086068111548,0.125,885.0
mppi_flee,mppi_lqr,300.0,1800.0,0.1,0.1,5.0,3.75,10.0,10.0,10,100.0,radial,pursuer,5000.0,180.0,0.001,30.0,0.01,256,30,3,0.5,0.1,0.99,10.0,256,20,0,128,9,5.0,3.75,119.80848397669924,477.0803312701238,1.0,0.4463365811744766,0.0703125,1010.0
mppi_flee,mppi_lqr,300.0,1800.0,0.1,0.1,5.0,3.75,10.0,10.0,10,100.0,radial,pursuer,5000.0,180.0,0.01,30.0,0.01,256,3,3,0.5,0.1,0.99,10.0,256,20,0,128,0,5.0,3.75,257.0519429561426,2537.509814303613,1.0,7.840984490159393,0.0,
mppi_flee,mppi_lqr,300.0,1800.0,0.1,0.1,5.0,3.75,10.0,10.0,10,100.0,radial,pursuer,5000.0,180.0,0.01,30.0,0.01,256,7,3,0.5,0.1,0.99,10.0,256,20,0,128,1,5.0,3.75,245.33721927444745,1691.6159835931378,1.0,5.938246558157357,0.0078125,630.0
mppi_flee,mppi_lqr,300.0,1800.0,0.1,0.1,5.0,3.75,10.0,10.0,10,100.0,radial,pursuer,5000.0,180.0,0.01,30.0,0.01,256,12,3,0.5,0.1,0.99,10.0,256,20,0,128,1,5.0,3.75,219.0692075295996,1233.8558904575034,1.0,4.85983992985155,0.0078125,730.0
mppi_flee,mppi_lqr,300.0,1800.0,0.1,0.1,5.0,3.75,10.0,10.0,10,100.0,radial,pursuer,5000.0,180.0,0.01,30.0,0.01,256,20,3,0.5,0.1,0.99,10.0,256,20,0,128,2,5.0,3.75,188.4351101008948,823.4645274765584,1.0,3.9758830684657456,0.015625,835.0
mppi_flee,mppi_lqr,300.0,1800.0,0.1,0.1,5.0,3.75,10.0,10.0,10,100.0,radial,pursuer,5000.0,180.0,0.01,30.0,0.01,256,30,3,0.5,0.1,0.99,10.0,256,20,0,128,0,5.0,3.75,152.2723838525298,514.5310385099308,1.0,3.389350457238736,0.0,
mppi_flee,random,300.0,1800.0,0.1,0.1,5.0,3.75,10.0,10.0,10,100.0,full,both,inf,180.0,0.01,0.0,0.0,256,3,3,0.5,0.1,0.99,10.0,256,20,0,128,90,3.5945025649040176,2.7712277150635614,10.63850494629811,239.79869166960376,0.0,0.0,0.703125,260.0
mppi_flee,random,300.0,1800.0,0.1,0.1,5.0,3.75,10.0,10.0,10,100.0,full,both,inf,180.0,0.01,0.0,0.0,256,7,3,0.5,0.1,0.99,10.0,256,20,0,128,127,2.467832332329251,2.020004596369082,5.2733696983979685,10.63234003751957,0.0,0.0,0.9921875,260.0
mppi_flee,random,300.0,1800.0,0.1,0.1,5.0,3.75,10.0,10.0,10,100.0,full,both,inf,180.0,0.01,0.0,0.0,256,12,3,0.5,0.1,0.99,10.0,256,20,0,128,128,2.4522838050382942,2.0525511001436625,5.518126411887837,7.521317926042027,0.0,0.0,1.0,270.0
mppi_flee,random,300.0,1800.0,0.1,0.1,5.0,3.75,10.0,10.0,10,100.0,full,both,inf,180.0,0.01,0.0,0.0,256,20,3,0.5,0.1,0.99,10.0,256,20,0,128,128,2.511710243409841,2.141508013055621,5.566737819581246,7.526098236291071,0.0,0.0,1.0,280.0
mppi_flee,random,300.0,1800.0,0.1,0.1,5.0,3.75,10.0,10.0,10,100.0,full,both,inf,180.0,0.01,0.0,0.0,256,30,3,0.5,0.1,0.99,10.0,256,20,0,128,128,2.6568093926495617,2.296094807457247,5.440076614236765,7.125234367356505,0.0,0.0,1.0,290.0
mppi_flee,random,300.0,1800.0,0.1,0.1,5.0,3.75,10.0,10.0,10,100.0,radial,pursuer,5000.0,180.0,0.001,30.0,0.01,256,3,3,0.5,0.1,0.99,10.0,256,20,0,128,88,3.6109978208928153,2.781934420364965,10.752807240107003,256.2688512289219,1.0,0.3449927293833321,0.6875,260.0
mppi_flee,random,300.0,1800.0,0.1,0.1,5.0,3.75,10.0,10.0,10,100.0,radial,pursuer,5000.0,180.0,0.001,30.0,0.01,256,7,3,0.5,0.1,0.99,10.0,256,20,0,128,127,2.4824008613507145,2.033069329581312,5.560973561707611,10.475711726342388,1.0,0.3186133018966111,0.9921875,260.0
mppi_flee,random,300.0,1800.0,0.1,0.1,5.0,3.75,10.0,10.0,10,100.0,radial,pursuer,5000.0,180.0,0.001,30.0,0.01,256,12,3,0.5,0.1,0.99,10.0,256,20,0,128,127,2.4601439478964213,2.058563808363629,5.1778958117944365,7.756245150719312,1.0,0.3190735767627284,0.9921875,270.0
mppi_flee,random,300.0,1800.0,0.1,0.1,5.0,3.75,10.0,10.0,10,100.0,radial,pursuer,5000.0,180.0,0.001,30.0,0.01,256,20,3,0.5,0.1,0.99,10.0,256,20,0,128,128,2.5062464974782013,2.140785242073569,5.375203596792563,6.94192988349431,1.0,0.3189371288717668,1.0,280.0
mppi_flee,random,300.0,1800.0,0.1,0.1,5.0,3.75,10.0,10.0,10,100.0,radial,pursuer,5000.0,180.0,0.001,30.0,0.01,256,30,3,0.5,0.1,0.99,10.0,256,20,0,128,128,2.6460650277952014,2.2925602138657357,5.4183827200827,7.094060551712033,1.0,0.3150691456005583,1.0,295.0
mppi_flee,random,300.0,1800.0,0.1,0.1,5.0,3.75,10.0,10.0,10,100.0,radial,pursuer,5000.0,180.0,0.01,30.0,0.01,256,3,3,0.5,0.1,0.99,10.0,256,20,0,128,87,3.69689253952566,2.8405429649003247,11.310288229136596,253.6161696062534,1.0,2.451779224605424,0.6796875,260.0
mppi_flee,random,300.0,1800.0,0.1,0.1,5.0,3.75,10.0,10.0,10,100.0,radial,pursuer,5000.0,180.0,0.01,30.0,0.01,256,7,3,0.5,0.1,0.99,10.0,256,20,0,128,124,2.6465008753219514,2.1453555936677304,6.285478560589014,22.957032714838157,1.0,2.33909735947673,0.96875,260.0
mppi_flee,random,300.0,1800.0,0.1,0.1,5.0,3.75,10.0,10.0,10,100.0,radial,pursuer,5000.0,180.0,0.01,30.0,0.01,256,12,3,0.5,0.1,0.99,10.0,256,20,0,128,127,2.5678067065087884,2.127774961323823,5.678676384414974,7.880462159314979,1.0,2.3410898336844936,0.9921875,270.0
mppi_flee,random,300.0,1800.0,0.1,0.1,5.0,3.75,10.0,10.0,10,100.0,radial,pursuer,5000.0,180.0,0.01,30.0,0.01,256,20,3,0.5,0.1,0.99,10.0,256,20,0,128,128,2.693915759259352,2.2797254361079693,5.927947977296102,7.278585142760213,1.0,2.30957182256649,1.0,290.0
mppi_flee,random,300.0,1800.0,0.1,0.1,5.0,3.75,10.0,10.0,10,100.0,radial,pursuer,5000.0,180.0,0.01,30.0,0.01,256,30,3,0.5,0.1,0.99,10.0,256,20,0,128,127,2.752855102897985,2.3668295912236084,6.082028710209011,11.02758160116386,1.0,2.3002417481945177,0.9921875,300.0
